meeting_date,decision,decision_num,target_rate_lag1,target_rate_lag2,target_rate_lag3,target_rate_lag4,PCE_inflation_gap_lag1,PCE_inflation_gap_lag2,PCE_inflation_gap_lag3,PCE_inflation_gap_lag4,unemployment_gap_lag1,unemployment_gap_lag2,unemployment_gap_lag3,unemployment_gap_lag4,output_gap_pct_lag1,output_gap_pct_lag2,output_gap_pct_lag3,output_gap_pct_lag4,NFCI_lag1,NFCI_lag2,NFCI_lag3,NFCI_lag4,lagged_upper_bound,PCE_gap_change_1m,unemployment_gap_change_1m,output_gap_change_1q,nfci_change_1m,prev_decision,prev_decision_num,time_since_last_change,consecutive_same
2009-08-12,same,0.0,0.25,0.25,0.25,0.25,-3.018624689681269,-2.567573959166212,-2.525751678230957,-2.1111035530462767,4.455281357125444,3.9537220653206315,3.6531869918990036,2.75211684505575,-4.964901987110467,-4.984836679189037,-4.818655189795844,-4.486292211009456,0.7757499999999999,1.58725,2.0460000000000003,2.3106,0.25,-0.45105073051505684,0.5015592918048126,0.019934692078569682,-0.8115000000000001,same,0.0,3,3
2009-09-23,same,0.0,0.25,0.25,0.25,0.25,-3.100119771104102,-3.018624689681269,-2.567573959166212,-2.525751678230957,4.557112256341436,4.455281357125444,3.9537220653206315,3.6531869918990036,-4.71083237986075,-4.964901987110467,-4.984836679189037,-4.818655189795844,0.29075,0.7757499999999999,1.58725,2.0460000000000003,0.25,-0.08149508142283324,0.10183089921599198,0.2540696072497175,-0.48499999999999993,same,0.0,4,4
2009-11-04,same,0.0,0.25,0.25,0.25,0.25,-3.0227486786264395,-3.100119771104102,-3.018624689681269,-2.567573959166212,4.758163509655024,4.557112256341436,4.455281357125444,3.9537220653206315,-4.466730118650318,-4.71083237986075,-4.964901987110467,-4.984836679189037,0.1505,0.29075,0.7757499999999999,1.58725,0.25,0.07737109247766272,0.20105125331358753,0.24410226121043177,-0.14025,same,0.0,5,5
2009-12-16,same,0.0,0.25,0.25,0.25,0.25,-0.5393879877642709,-3.0227486786264395,-3.100119771104102,-3.018624689681269,4.86056280949578,4.758163509655024,4.557112256341436,4.455281357125444,-4.167734757728518,-4.466730118650318,-4.71083237986075,-4.964901987110467,-0.005999999999999999,0.1505,0.29075,0.7757499999999999,0.25,2.4833606908621686,0.10239929984075591,0.2989953609217997,-0.1565,same,0.0,6,6
2010-01-27,same,0.0,0.25,0.25,0.25,0.25,0.08971826829211782,-0.5393879877642709,-3.0227486786264395,-3.100119771104102,4.86191085602295,4.86056280949578,4.758163509655024,4.557112256341436,-4.112841658017152,-4.167734757728518,-4.466730118650318,-4.71083237986075,-0.101,-0.005999999999999999,0.1505,0.29075,0.25,0.6291062560563887,0.0013480465271706876,0.05489309971136613,-0.095,same,0.0,7,7
2010-03-16,same,0.0,0.25,0.25,0.25,0.25,0.301720615608116,0.08971826829211782,-0.5393879877642709,-3.0227486786264395,4.76325890255012,4.86191085602295,4.86056280949578,4.758163509655024,-4.057948558305785,-4.112841658017152,-4.167734757728518,-4.466730118650318,-0.19319999999999998,-0.101,-0.005999999999999999,0.1505,0.25,0.2120023473159982,-0.09865195347282985,0.05489309971136702,-0.09219999999999998,same,0.0,8,8
2010-04-28,same,0.0,0.25,0.25,0.25,0.25,0.3727160339801934,0.301720615608116,0.08971826829211782,-0.5393879877642709,4.8665942923965675,4.76325890255012,4.86191085602295,4.86056280949578,-3.6455918556000033,-4.057948558305785,-4.112841658017152,-4.167734757728518,-0.3495,-0.19319999999999998,-0.101,-0.005999999999999999,0.25,0.07099541837207735,0.10333538984644708,0.41235670270578195,-0.1563,same,0.0,9,9
2010-06-23,same,0.0,0.25,0.25,0.25,0.25,0.2821224304887089,0.3727160339801934,0.301720615608116,0.08971826829211782,4.868261987319791,4.8665942923965675,4.76325890255012,4.86191085602295,-3.439413504247112,-3.6455918556000033,-4.057948558305785,-4.112841658017152,-0.41879999999999995,-0.3495,-0.19319999999999998,-0.101,0.25,-0.09059360349148449,0.001667694923223273,0.2061783513528912,-0.06929999999999997,same,0.0,10,10
2010-08-10,same,0.0,0.25,0.25,0.25,0.25,-0.4377811768940125,0.2821224304887089,0.3727160339801934,0.301720615608116,4.372276804339791,4.868261987319791,4.8665942923965675,4.76325890255012,-3.1619373149481724,-3.439413504247112,-3.6455918556000033,-4.057948558305785,-0.04425,-0.41879999999999995,-0.3495,-0.19319999999999998,0.25,-0.7199036073827214,-0.49598518298000016,0.2774761892989397,0.37454999999999994,same,0.0,11,11
2010-09-21,same,0.0,0.25,0.25,0.25,0.25,-0.5176048441354757,-0.4377811768940125,0.2821224304887089,0.3727160339801934,4.476648182624803,4.372276804339791,4.868261987319791,4.8665942923965675,-2.9677636544898984,-3.1619373149481724,-3.439413504247112,-3.6455918556000033,-0.26325,-0.04425,-0.41879999999999995,-0.3495,0.25,-0.07982366724146317,0.10437137828501264,0.194173660458274,-0.21899999999999997,same,0.0,12,12
2010-11-03,same,0.0,0.25,0.25,0.25,0.25,-0.5804487035959021,-0.5176048441354757,-0.4377811768940125,0.2821224304887089,4.479012152399817,4.476648182624803,4.372276804339791,4.868261987319791,-2.912328088681094,-2.9677636544898984,-3.1619373149481724,-3.439413504247112,-0.30025,-0.26325,-0.04425,-0.41879999999999995,0.25,-0.06284385946042637,0.002363969775013963,0.05543556580880438,-0.03700000000000003,same,0.0,13,13
2010-12-14,same,0.0,0.25,0.25,0.25,0.25,-0.6928031862227106,-0.5804487035959021,-0.5176048441354757,-0.4377811768940125,4.784109896965131,4.479012152399817,4.476648182624803,4.372276804339791,-3.0521069455955843,-2.912328088681094,-2.9677636544898984,-3.1619373149481724,-0.44325000000000003,-0.30025,-0.26325,-0.04425,0.25,-0.11235448262680858,0.30509774456531336,-0.1397788569144902,-0.14300000000000002,same,0.0,14,14
2011-01-26,same,0.0,0.25,0.25,0.25,0.25,-0.522331802666252,-0.6928031862227106,-0.5804487035959021,-0.5176048441354757,4.286843671755431,4.784109896965131,4.479012152399817,4.476648182624803,-3.247321368318879,-3.0521069455955843,-2.912328088681094,-2.9677636544898984,-0.48339999999999994,-0.44325000000000003,-0.30025,-0.26325,0.25,0.17047138355645863,-0.49726622520969954,-0.1952144227232946,-0.04014999999999991,same,0.0,15,15
2011-03-15,same,0.0,0.25,0.25,0.25,0.25,-0.44013490725125326,-0.522331802666252,-0.6928031862227106,-0.5804487035959021,4.0895774465457295,4.286843671755431,4.784109896965131,4.479012152399817,-3.442535791042173,-3.247321368318879,-3.0521069455955843,-2.912328088681094,-0.5685,-0.48339999999999994,-0.44325000000000003,-0.30025,0.25,0.08219689541499875,-0.1972662252097015,-0.19521442272329415,-0.08510000000000006,same,0.0,16,16
2011-04-27,same,0.0,0.25,0.25,0.25,0.25,0.1105460830258993,-0.44013490725125326,-0.522331802666252,-0.6928031862227106,3.99580321233449,4.0895774465457295,4.286843671755431,4.784109896965131,-3.2507763874218405,-3.442535791042173,-3.247321368318879,-3.0521069455955843,-0.5477500000000001,-0.5685,-0.48339999999999994,-0.44325000000000003,0.25,0.5506809902771526,-0.09377423421123954,0.1917594036203325,0.020749999999999935,same,0.0,17,17
2011-06-22,same,0.0,0.25,0.25,0.25,0.25,0.4880965563060631,0.1105460830258993,-0.44013490725125326,-0.522331802666252,4.09891609522887,3.99580321233449,4.0895774465457295,4.286843671755431,-3.154896685611674,-3.2507763874218405,-3.442535791042173,-3.247321368318879,-0.5806,-0.5477500000000001,-0.5685,-0.48339999999999994,0.25,0.3775504732801638,0.10311288289438014,0.09587970181016647,-0.032849999999999935,same,0.0,18,18
2011-08-09,same,0.0,0.25,0.25,0.25,0.25,0.7884519551278464,0.4880965563060631,0.1105460830258993,-0.44013490725125326,4.105910243400703,4.09891609522887,3.99580321233449,4.0895774465457295,-3.4181298551388655,-3.154896685611674,-3.2507763874218405,-3.442535791042173,-0.5305,-0.5806,-0.5477500000000001,-0.5685,0.25,0.3003553988217833,0.006994148171832748,-0.26323316952719145,0.05010000000000003,same,0.0,19,19
2011-09-21,same,0.0,0.25,0.25,0.25,0.25,0.9767297960266115,0.7884519551278464,0.4880965563060631,0.1105460830258993,4.013289230580357,4.105910243400703,4.09891609522887,3.99580321233449,-3.318252994321492,-3.4181298551388655,-3.154896685611674,-3.2507763874218405,-0.2295,-0.5305,-0.5806,-0.5477500000000001,0.25,0.1882778408987651,-0.09262101282034596,0.09987686081737346,0.30099999999999993,same,0.0,20,20
2011-11-02,same,0.0,0.25,0.25,0.25,0.25,1.0190303779583205,0.9767297960266115,0.7884519551278464,0.4880965563060631,4.017171143674094,4.013289230580357,4.105910243400703,4.09891609522887,-3.086759548740523,-3.318252994321492,-3.4181298551388655,-3.154896685611674,-0.0546,-0.2295,-0.5305,-0.5806,0.25,0.04230058193170905,0.0038819130937373103,0.23149344558096896,0.1749,same,0.0,21,21
2011-12-13,same,0.0,0.25,0.25,0.25,0.25,0.6992598449408156,1.0190303779583205,0.9767297960266115,0.7884519551278464,3.625315875706801,4.017171143674094,4.013289230580357,4.105910243400703,-2.7182348500174514,-3.086759548740523,-3.318252994321492,-3.4181298551388655,-0.0895,-0.0546,-0.2295,-0.5305,0.25,-0.3197705330175049,-0.3918552679672933,0.3685246987230717,-0.034899999999999994,same,0.0,22,22
2012-01-25,same,0.0,0.25,0.25,0.25,0.25,0.5266248849541872,0.6992598449408156,1.0190303779583205,0.9767297960266115,3.52957869464577,3.625315875706801,4.017171143674094,4.013289230580357,-2.581203596875348,-2.7182348500174514,-3.086759548740523,-3.318252994321492,-0.0996,-0.0895,-0.0546,-0.2295,0.25,-0.17263495998662837,-0.0957371810610308,0.13703125314210318,-0.010099999999999998,same,0.0,23,23
2012-03-13,same,0.0,0.25,0.25,0.25,0.25,0.569312446745764,0.5266248849541872,0.6992598449408156,1.0190303779583205,3.3338415135847406,3.52957869464577,3.625315875706801,4.017171143674094,-2.4441723437332454,-2.581203596875348,-2.7182348500174514,-3.086759548740523,-0.2575,-0.0996,-0.0895,-0.0546,0.25,0.042687561791576734,-0.19573718106102955,0.13703125314210274,-0.1579,same,0.0,24,24
2012-04-25,same,0.0,0.25,0.25,0.25,0.25,0.29802747216978354,0.569312446745764,0.5266248849541872,0.6992598449408156,3.2431117909448925,3.3338415135847406,3.52957869464577,3.625315875706801,-2.429372598976407,-2.4441723437332454,-2.581203596875348,-2.7182348500174514,-0.43,-0.2575,-0.0996,-0.0895,0.25,-0.27128497457598044,-0.09072972263984802,0.014799744756838429,-0.1725,same,0.0,25,25
2012-06-20,same,0.0,0.25,0.25,0.25,0.25,-0.0001512581436307059,0.29802747216978354,0.569312446745764,0.5266248849541872,3.2477469296249692,3.2431117909448925,3.3338415135847406,3.52957869464577,-2.421972726597988,-2.429372598976407,-2.4441723437332454,-2.581203596875348,-0.40475,-0.43,-0.2575,-0.0996,0.25,-0.29817873031341424,0.0046351386800767,0.007399872378419214,0.025249999999999995,same,0.0,26,26
2012-07-31,same,0.0,0.25,0.25,0.25,0.25,-0.45398032730368065,-0.0001512581436307059,0.29802747216978354,0.569312446745764,3.257735377492776,3.2477469296249692,3.2431117909448925,3.3338415135847406,-2.606386440109799,-2.421972726597988,-2.429372598976407,-2.4441723437332454,-0.25,-0.40475,-0.43,-0.2575,0.25,-0.45382906916004995,0.009988447867806727,-0.18441371351181113,0.15475,same,0.0,27,27
2012-09-13,same,0.0,0.25,0.25,0.25,0.25,-0.5899738645041435,-0.45398032730368065,-0.0001512581436307059,0.29802747216978354,3.2627296014266793,3.257735377492776,3.2477469296249692,3.2431117909448925,-2.6985932968657047,-2.606386440109799,-2.421972726597988,-2.429372598976407,-0.33325,-0.25,-0.40475,-0.43,0.25,-0.1359935372004628,0.004994223933903363,-0.09220685675590579,-0.08324999999999999,same,0.0,28,28
2012-10-24,same,0.0,0.25,0.25,0.25,0.25,-0.32202899482465064,-0.5899738645041435,-0.45398032730368065,-0.0001512581436307059,2.8734006188213135,3.2627296014266793,3.257735377492776,3.2477469296249692,-2.904896548536281,-2.6985932968657047,-2.606386440109799,-2.421972726597988,-0.5055000000000001,-0.33325,-0.25,-0.40475,0.25,0.2679448696794928,-0.38932898260536586,-0.2063032516705765,-0.17225000000000007,same,0.0,29,29
2012-12-12,same,0.0,0.25,0.25,0.25,0.25,-0.02312250211615563,-0.32202899482465064,-0.5899738645041435,-0.45398032730368065,2.8787361275186303,2.8734006188213135,3.2627296014266793,3.257735377492776,-3.0080481743715692,-2.904896548536281,-2.6985932968657047,-2.606386440109799,-0.54625,-0.5055000000000001,-0.33325,-0.25,0.25,0.298906492708495,0.005335508697316804,-0.10315162583528803,-0.04074999999999995,same,0.0,30,30
2013-01-30,same,0.0,0.25,0.25,0.25,0.25,-0.3756171586124495,-0.02312250211615563,-0.32202899482465064,-0.5899738645041435,2.990045301431084,2.8787361275186303,2.8734006188213135,3.2627296014266793,-2.660302964213568,-3.0080481743715692,-2.904896548536281,-2.6985932968657047,-0.582,-0.54625,-0.5055000000000001,-0.33325,0.25,-0.35249465649629386,0.11130917391245365,0.3477452101580014,-0.03574999999999995,same,0.0,31,31
2013-03-20,same,0.0,0.25,0.25,0.25,0.25,-0.5291924936630759,-0.3756171586124495,-0.02312250211615563,-0.32202899482465064,3.09569988838731,2.990045301431084,2.8787361275186303,2.8734006188213135,-2.486430359134567,-2.660302964213568,-3.0080481743715692,-2.904896548536281,-0.63025,-0.582,-0.54625,-0.5055000000000001,0.25,-0.15357533505062637,0.1056545869562262,0.17387260507900093,-0.048250000000000015,same,0.0,32,32
2013-05-01,same,0.0,0.25,0.25,0.25,0.25,-0.7230070849772989,-0.5291924936630759,-0.3756171586124495,-0.02312250211615563,2.6075944655124568,3.09569988838731,2.990045301431084,2.8787361275186303,-2.6051079646141715,-2.486430359134567,-2.660302964213568,-3.0080481743715692,-0.6566000000000001,-0.63025,-0.582,-0.54625,0.25,-0.19381459131422307,-0.48810542287485337,-0.1186776054796046,-0.026350000000000096,same,0.0,33,33
2013-06-19,same,0.0,0.25,0.25,0.25,0.25,-0.7709698627812882,-0.7230070849772989,-0.5291924936630759,-0.3756171586124495,2.6197515059603873,2.6075944655124568,3.09569988838731,2.990045301431084,-2.5361271662494596,-2.6051079646141715,-2.486430359134567,-2.660302964213568,-0.7093999999999999,-0.6566000000000001,-0.63025,-0.582,0.25,-0.047962777803989276,0.012157040447930534,0.06898079836471194,-0.05279999999999985,same,0.0,34,34
2013-07-31,same,0.0,0.25,0.25,0.25,0.25,-0.49449360239352913,-0.7709698627812882,-0.7230070849772989,-0.5291924936630759,2.625961257845743,2.6197515059603873,2.6075944655124568,3.09569988838731,-2.407807565144945,-2.5361271662494596,-2.6051079646141715,-2.486430359134567,-0.648,-0.7093999999999999,-0.6566000000000001,-0.63025,0.25,0.2764762603877591,0.006209751885355885,0.12831960110451446,0.0613999999999999,same,0.0,35,35
2013-09-18,same,0.0,0.25,0.25,0.25,0.25,-0.40488715425079747,-0.49449360239352913,-0.7709698627812882,-0.7230070849772989,2.4321710097311,2.625961257845743,2.6197515059603873,2.6075944655124568,-2.279487964040431,-2.407807565144945,-2.5361271662494596,-2.6051079646141715,-0.6445000000000001,-0.648,-0.7093999999999999,-0.6566000000000001,0.25,0.08960644814273167,-0.1937902481146434,0.12831960110451401,0.0034999999999999476,same,0.0,36,36
2013-10-30,same,0.0,0.25,0.25,0.25,0.25,-0.8587145521798272,-0.40488715425079747,-0.49449360239352913,-0.7709698627812882,2.345047993328201,2.4321710097311,2.625961257845743,2.6197515059603873,-2.0140800123179243,-2.279487964040431,-2.407807565144945,-2.5361271662494596,-0.6687500000000001,-0.6445000000000001,-0.648,-0.7093999999999999,0.25,-0.4538273979290297,-0.08712301640289866,0.26540795172250675,-0.024249999999999994,same,0.0,37,37
2013-12-18,same,0.0,0.25,0.25,0.25,0.25,-1.0238930800428907,-0.8587145521798272,-0.40488715425079747,-0.49449360239352913,2.3514864851267516,2.345047993328201,2.4321710097311,2.625961257845743,-1.881376036456671,-2.0140800123179243,-2.279487964040431,-2.407807565144945,-0.70625,-0.6687500000000001,-0.6445000000000001,-0.648,0.25,-0.16517852786306353,0.006438491798550494,0.13270397586125338,-0.03749999999999998,same,0.0,38,38
2014-01-29,same,0.0,0.25,0.25,0.25,0.25,-0.6118998044040573,-1.0238930800428907,-0.8587145521798272,-0.40488715425079747,1.864747408437898,2.3514864851267516,2.345047993328201,2.4321710097311,-2.41276683780565,-1.881376036456671,-2.0140800123179243,-2.279487964040431,-0.77675,-0.70625,-0.6687500000000001,-0.6445000000000001,0.25,0.41199327563883337,-0.4867390766888535,-0.5313908013489792,-0.07050000000000001,same,0.0,39,39
2014-03-19,same,0.0,0.25,0.25,0.25,0.25,-0.5945945945945867,-0.6118998044040573,-1.0238930800428907,-0.8587145521798272,1.7713778700934713,1.864747408437898,2.3514864851267516,2.345047993328201,-2.6784622384801398,-2.41276683780565,-1.881376036456671,-2.0140800123179243,-0.77,-0.77675,-0.70625,-0.6687500000000001,0.25,0.01730520980947059,-0.09336953834442685,-0.2656954006744896,0.006750000000000034,same,0.0,40,40
2014-04-30,same,0.0,0.25,0.25,0.25,0.25,-0.6102965817694299,-0.5945945945945867,-0.6118998044040573,-1.0238930800428907,1.8849440861233306,1.7713778700934713,1.864747408437898,2.3514864851267516,-2.151611716419502,-2.6784622384801398,-2.41276683780565,-1.881376036456671,-0.7785,-0.77,-0.77675,-0.70625,0.25,-0.01570198717484317,0.11356621602985939,0.5268505220606379,-0.008499999999999952,same,0.0,41,41
2014-06-18,same,0.0,0.25,0.25,0.25,0.25,-0.3268861842312214,-0.6102965817694299,-0.5945945945945867,-0.6118998044040573,1.3917271941382605,1.8849440861233306,1.7713778700934713,1.864747408437898,-1.8881864553891827,-2.151611716419502,-2.6784622384801398,-2.41276683780565,-0.77125,-0.7785,-0.77,-0.77675,0.25,0.2834103975382085,-0.4932168919850701,0.26342526103031916,0.007249999999999979,same,0.0,42,42
2014-07-30,same,0.0,0.25,0.25,0.25,0.25,-0.34854138576192284,-0.3268861842312214,-0.6102965817694299,-0.5945945945945867,1.3055160281828995,1.3917271941382605,1.8849440861233306,1.7713778700934713,-1.4135589397138837,-1.8881864553891827,-2.151611716419502,-2.6784622384801398,-0.7897500000000001,-0.77125,-0.7785,-0.77,0.25,-0.02165520153070144,-0.08621116595536105,0.47462751567529904,-0.018500000000000072,same,0.0,43,43
2014-09-17,same,0.0,0.25,0.25,0.25,0.25,-0.33075830967095143,-0.34854138576192284,-0.3268861842312214,-0.6102965817694299,1.4124104452052197,1.3055160281828995,1.3917271941382605,1.8849440861233306,-1.1762451818762343,-1.4135589397138837,-1.8881864553891827,-2.151611716419502,-0.75575,-0.7897500000000001,-0.77125,-0.7785,0.25,0.017783076090971406,0.10689441702232028,0.2373137578376494,0.03400000000000003,same,0.0,44,44
2014-10-29,same,0.0,0.25,0.25,0.25,0.25,-0.5027506876719139,-0.33075830967095143,-0.34854138576192284,-0.3268861842312214,1.1263363482416473,1.4124104452052197,1.3055160281828995,1.3917271941382605,-1.1683930165507996,-1.1762451818762343,-1.4135589397138837,-1.8881864553891827,-0.69675,-0.75575,-0.7897500000000001,-0.77125,0.25,-0.17199237800096245,-0.28607409696357244,0.007852165325434646,0.05900000000000005,same,0.0,45,45
2014-12-17,same,0.0,0.25,0.25,0.25,0.25,-0.6670551387573758,-0.5027506876719139,-0.33075830967095143,-0.34854138576192284,0.9332992997598604,1.1263363482416473,1.4124104452052197,1.3055160281828995,-1.1644669338880822,-1.1683930165507996,-1.1762451818762343,-1.4135589397138837,-0.6448,-0.69675,-0.75575,-0.7897500000000001,0.25,-0.16430445108546188,-0.19303704848178693,0.003926082662717434,0.05194999999999994,same,0.0,46,46
2015-01-28,same,0.0,0.25,0.25,0.25,0.25,-1.2677411994108638,-0.6670551387573758,-0.5027506876719139,-0.33075830967095143,0.8472750560047126,0.9332992997598604,1.1263363482416473,1.4124104452052197,-0.9027234289958599,-1.1644669338880822,-1.1683930165507996,-1.1762451818762343,-0.60475,-0.6448,-0.69675,-0.75575,0.25,-0.6006860606534881,-0.08602424375514772,0.2617435048922223,0.04005000000000003,same,0.0,47,47
2015-03-18,same,0.0,0.25,0.25,0.25,0.25,-1.9585981327757889,-1.2677411994108638,-0.6670551387573758,-0.5027506876719139,0.95426293412714,0.8472750560047126,0.9332992997598604,1.1263363482416473,-0.7718516765497486,-0.9027234289958599,-1.1644669338880822,-1.1683930165507996,-0.5226,-0.60475,-0.6448,-0.69675,0.25,-0.690856933364925,0.10698787812242738,0.13087175244611127,0.08215000000000006,same,0.0,48,48
2015-04-29,same,0.0,0.25,0.25,0.25,0.25,-1.8006507256107067,-1.9585981327757889,-1.2677411994108638,-0.6670551387573758,0.6682009016185937,0.95426293412714,0.8472750560047126,0.9332992997598604,-0.6970744881373787,-0.7718516765497486,-0.9027234289958599,-1.1644669338880822,-0.5345,-0.5226,-0.60475,-0.6448,0.25,0.15794740716508215,-0.28606203250854634,0.07477718841236991,-0.011900000000000022,same,0.0,49,49
2015-06-17,same,0.0,0.25,0.25,0.25,0.25,-1.889675935950173,-1.8006507256107067,-1.9585981327757889,-1.2677411994108638,0.67516988536432,0.6682009016185937,0.95426293412714,0.8472750560047126,-0.6596858939311937,-0.6970744881373787,-0.7718516765497486,-0.9027234289958599,-0.5425,-0.5345,-0.5226,-0.60475,0.25,-0.0890252103394662,0.006968983745726298,0.03738859420618501,-0.008000000000000007,same,0.0,50,50
2015-07-29,same,0.0,0.25,0.25,0.25,0.25,-1.7295713242779103,-1.889675935950173,-1.8006507256107067,-1.9585981327757889,0.5889832477397272,0.67516988536432,0.6682009016185937,0.95426293412714,-0.7307477468043554,-0.6596858939311937,-0.6970744881373787,-0.7718516765497486,-0.543,-0.5425,-0.5345,-0.5226,0.25,0.16010461167226264,-0.08618663762459278,-0.07106185287316169,-0.000500000000000056,same,0.0,51,51
2015-09-17,same,0.0,0.25,0.25,0.25,0.25,-1.7802671704777655,-1.7295713242779103,-1.889675935950173,-1.8006507256107067,0.495889928927431,0.5889832477397272,0.67516988536432,0.6682009016185937,-0.7662786732409362,-0.7307477468043554,-0.6596858939311937,-0.6970744881373787,-0.5202,-0.543,-0.5425,-0.5345,0.25,-0.05069584619985523,-0.09309331881229621,-0.035530926436580845,0.022800000000000042,same,0.0,52,52
2015-10-28,same,0.0,0.25,0.25,0.25,0.25,-1.934300350055949,-1.7802671704777655,-1.7295713242779103,-1.889675935950173,0.30949393632060396,0.495889928927431,0.5889832477397272,0.67516988536432,-0.9811861645010362,-0.7662786732409362,-0.7307477468043554,-0.6596858939311937,-0.401,-0.5202,-0.543,-0.5425,0.25,-0.15403317957818352,-0.18639599260682704,-0.2149074912601,0.11919999999999997,same,0.0,53,53
2015-12-16,higher,1.0,0.25,0.25,0.25,0.25,-1.9045017662038903,-1.934300350055949,-1.7802671704777655,-1.7295713242779103,0.3162959400171905,0.30949393632060396,0.495889928927431,0.5889832477397272,-1.0886399101310862,-0.9811861645010362,-0.7662786732409362,-0.7307477468043554,-0.442,-0.401,-0.5202,-0.543,0.25,0.02979858385205869,0.006802003696586567,-0.10745374563004995,-0.04099999999999998,same,0.0,54,54
2016-01-27,same,0.0,0.5,0.25,0.25,0.25,-1.654036243822075,-1.9045017662038903,-1.934300350055949,-1.7802671704777655,0.3296091171872906,0.3162959400171905,0.30949393632060396,0.495889928927431,-1.0454513445008848,-1.0886399101310862,-0.9811861645010362,-0.7662786732409362,-0.3925,-0.442,-0.401,-0.5202,0.5,0.2504655223818153,0.013313177170100055,0.04318856563020135,0.04949999999999999,higher,1.0,0,0
2016-03-16,same,0.0,0.5,0.5,0.25,0.25,-1.128851366730819,-1.654036243822075,-1.9045017662038903,-1.934300350055949,0.13626570577233998,0.3296091171872906,0.3162959400171905,0.30949393632060396,-1.0238570616857843,-1.0454513445008848,-1.0886399101310862,-0.9811861645010362,-0.31799999999999995,-0.3925,-0.442,-0.401,0.5,0.5251848770912559,-0.1933434114149506,0.021594282815100563,0.07450000000000007,same,0.0,1,1
2016-04-27,same,0.0,0.5,0.5,0.5,0.25,-1.3144895266369732,-1.128851366730819,-1.654036243822075,-1.9045017662038903,0.34921100619672707,0.13626570577233998,0.3296091171872906,0.3162959400171905,-1.1490005911909884,-1.0238570616857843,-1.0454513445008848,-1.0886399101310862,-0.35225,-0.31799999999999995,-0.3925,-0.442,0.5,-0.18563815990615407,0.21294530042438709,-0.12514352950520413,-0.03425000000000006,same,0.0,2,2
2016-06-15,same,0.0,0.5,0.5,0.5,0.5,-1.0740931468473862,-1.3144895266369732,-1.128851366730819,-1.654036243822075,0.4556836564089197,0.34921100619672707,0.13626570577233998,0.3296091171872906,-1.2115723559435905,-1.1490005911909884,-1.0238570616857843,-1.0454513445008848,-0.382,-0.35225,-0.31799999999999995,-0.3925,0.5,0.24039637978958694,0.10647265021219265,-0.06257176475260207,-0.02975,same,0.0,3,3
2016-07-27,same,0.0,0.5,0.5,0.5,0.5,-1.1703925509660023,-1.0740931468473862,-1.3144895266369732,-1.128851366730819,0.26818954211143353,0.4556836564089197,0.34921100619672707,0.13626570577233998,-1.078461614047954,-1.2115723559435905,-1.1490005911909884,-1.0238570616857843,-0.3565,-0.382,-0.35225,-0.31799999999999995,0.5,-0.09629940411861604,-0.1874941142974862,0.13311074189563654,0.025500000000000023,same,0.0,4,4
2016-09-21,same,0.0,0.5,0.5,0.5,0.5,-1.244915731776051,-1.1703925509660023,-1.0740931468473862,-1.3144895266369732,0.17444248496268955,0.26818954211143353,0.4556836564089197,0.34921100619672707,-1.0119062431001355,-1.078461614047954,-1.2115723559435905,-1.1490005911909884,-0.3498,-0.3565,-0.382,-0.35225,0.5,-0.07452318081004883,-0.09374705714874398,0.06655537094781838,0.006699999999999984,same,0.0,5,5
2016-11-02,same,0.0,0.5,0.5,0.5,0.5,-0.7802250787365388,-1.244915731776051,-1.1703925509660023,-1.0740931468473862,0.3864439132838031,0.17444248496268955,0.26818954211143353,0.4556836564089197,-0.9770275991575189,-1.0119062431001355,-1.078461614047954,-1.2115723559435905,-0.3386,-0.3498,-0.3565,-0.382,0.5,0.4646906530395123,0.21200142832111357,0.03487864394261664,0.011199999999999988,same,0.0,6,6
2016-12-14,higher,1.0,0.5,0.5,0.5,0.5,-0.6025959113371098,-0.7802250787365388,-1.244915731776051,-1.1703925509660023,0.09816427760230972,0.3864439132838031,0.17444248496268955,0.26818954211143353,-0.9635318255553766,-0.9770275991575189,-1.0119062431001355,-1.078461614047954,-0.41000000000000003,-0.3386,-0.3498,-0.3565,0.5,0.17762916739942902,-0.2882796356814934,0.01349577360214227,-0.07140000000000002,same,0.0,7,7
2017-02-01,same,0.0,0.75,0.5,0.5,0.5,-0.34284189788211616,-0.6025959113371098,-0.7802250787365388,-1.244915731776051,0.10388392776026034,0.09816427760230972,0.3864439132838031,0.17444248496268955,-0.9674753739245426,-0.9635318255553766,-0.9770275991575189,-1.0119062431001355,-0.453,-0.41000000000000003,-0.3386,-0.3498,0.75,0.2597540134549936,0.005719650157950618,-0.0039435483691659945,-0.04299999999999998,higher,1.0,0,0
2017-03-15,higher,1.0,0.75,0.75,0.5,0.5,0.19713684642619533,-0.34284189788211616,-0.6025959113371098,-0.7802250787365388,0.015017390680929665,0.10388392776026034,0.09816427760230972,0.3864439132838031,-0.9505776630256947,-0.9674753739245426,-0.9635318255553766,-0.9770275991575189,-0.4885,-0.453,-0.41000000000000003,-0.3386,0.75,0.5399787443083115,-0.08886653707933068,0.01689771089884795,-0.035499999999999976,same,0.0,1,1
2017-05-03,same,0.0,1.0,0.75,0.75,0.5,-0.0936389790423302,0.19713684642619533,-0.34284189788211616,-0.6025959113371098,-0.17956879655635039,0.015017390680929665,0.10388392776026034,0.09816427760230972,-0.9297364037576807,-0.9505776630256947,-0.9674753739245426,-0.9635318255553766,-0.481,-0.4885,-0.453,-0.41000000000000003,1.0,-0.29077582546852554,-0.19458618723728005,0.020841259268013945,0.007500000000000007,higher,1.0,0,0
2017-06-14,higher,1.0,1.0,1.0,0.75,0.75,-0.44222795024095696,-0.0936389790423302,0.19713684642619533,-0.34284189788211616,-0.1690674126834466,-0.17956879655635039,0.015017390680929665,0.10388392776026034,-0.8132565208146824,-0.9297364037576807,-0.9505776630256947,-0.9674753739245426,-0.53125,-0.481,-0.4885,-0.453,1.0,-0.34858897119862675,0.01050138387290378,0.11647988294299838,-0.05025000000000002,same,0.0,1,1
2017-07-26,same,0.0,1.25,1.0,1.0,0.75,-0.5344520722094996,-0.44222795024095696,-0.0936389790423302,0.19713684642619533,-0.2639798415732635,-0.1690674126834466,-0.17956879655635039,0.015017390680929665,-0.7176178971396979,-0.8132565208146824,-0.9297364037576807,-0.9505776630256947,-0.5612,-0.53125,-0.481,-0.4885,1.25,-0.09222412196854268,-0.09491242888981688,0.09563862367498444,-0.029950000000000032,higher,1.0,0,0
2017-09-20,same,0.0,1.25,1.25,1.0,1.0,-0.5143682251733654,-0.5344520722094996,-0.44222795024095696,-0.0936389790423302,-0.25889227046307983,-0.2639798415732635,-0.1690674126834466,-0.17956879655635039,-0.6219792734647136,-0.7176178971396979,-0.8132565208146824,-0.9297364037576807,-0.5752499999999999,-0.5612,-0.53125,-0.481,1.25,0.020083847036134195,0.005087571110183653,0.09563862367498432,-0.014049999999999896,same,0.0,1,1
2017-11-01,same,0.0,1.25,1.25,1.25,1.0,-0.24255569294386703,-0.5143682251733654,-0.5344520722094996,-0.44222795024095696,-0.24940121454285347,-0.25889227046307983,-0.2639798415732635,-0.1690674126834466,-0.2086038150394391,-0.6219792734647136,-0.7176178971396979,-0.8132565208146824,-0.561,-0.5752499999999999,-0.5612,-0.53125,1.25,0.2718125322294984,0.009491055920226366,0.4133754584252745,0.014249999999999874,same,0.0,2,2
2017-12-13,higher,1.0,1.25,1.25,1.25,1.25,-0.20628709517598143,-0.24255569294386703,-0.5143682251733654,-0.5344520722094996,-0.34026324397386265,-0.24940121454285347,-0.25889227046307983,-0.2639798415732635,0.10008877870776668,-0.2086038150394391,-0.6219792734647136,-0.7176178971396979,-0.602,-0.561,-0.5752499999999999,-0.5612,1.25,0.0362685977678856,-0.09086202943100918,0.30869259374720576,-0.040999999999999925,same,0.0,3,3
2018-01-31,same,0.0,1.5,1.25,1.25,1.25,-0.23359005157916712,-0.20628709517598143,-0.24255569294386703,-0.5143682251733654,-0.43587080136498724,-0.34026324397386265,-0.24940121454285347,-0.25889227046307983,0.20209364324233517,0.10008877870776668,-0.2086038150394391,-0.6219792734647136,-0.6098,-0.602,-0.561,-0.5752499999999999,1.5,-0.027302956403185696,-0.09560755739112459,0.10200486453456849,-0.007800000000000029,higher,1.0,0,0
2018-03-21,higher,1.0,1.5,1.5,1.25,1.25,-0.24235050426843863,-0.23359005157916712,-0.20628709517598143,-0.24255569294386703,-0.53147835875611,-0.43587080136498724,-0.34026324397386265,-0.24940121454285347,0.3040985077769036,0.20209364324233517,0.10008877870776668,-0.2086038150394391,-0.6154999999999999,-0.6098,-0.602,-0.561,1.5,-0.008760452689271503,-0.09560755739112281,0.10200486453456845,-0.005699999999999927,same,0.0,1,1
2018-05-02,same,0.0,1.75,1.5,1.5,1.25,-0.0017079419299719234,-0.24235050426843863,-0.23359005157916712,-0.20628709517598143,-0.5234120552074906,-0.53147835875611,-0.43587080136498724,-0.34026324397386265,0.315960892548183,0.3040985077769036,0.20209364324233517,0.10008877870776668,-0.5102,-0.6154999999999999,-0.6098,-0.602,1.75,0.2406425623384667,0.00806630354861948,0.011862384771279377,0.10529999999999995,higher,1.0,0,0
2018-06-13,higher,1.0,1.75,1.75,1.5,1.5,0.26620653678697437,-0.0017079419299719234,-0.24235050426843863,-0.23359005157916712,-0.71570641348164,-0.5234120552074906,-0.53147835875611,-0.43587080136498724,0.3580988886841552,0.315960892548183,0.3040985077769036,0.20209364324233517,-0.56025,-0.5102,-0.6154999999999999,-0.6098,1.75,0.2679144787169463,-0.19229435827414942,0.04213799613597219,-0.05005000000000004,same,0.0,1,1
2018-08-01,same,0.0,2.0,1.75,1.75,1.5,0.2683078403463952,0.26620653678697437,-0.0017079419299719234,-0.24235050426843863,-0.5120339235301001,-0.71570641348164,-0.5234120552074906,-0.53147835875611,0.39430569243448765,0.3580988886841552,0.315960892548183,0.3040985077769036,-0.5482,-0.56025,-0.5102,-0.6154999999999999,2.0,0.002101303559420842,0.20367248995153986,0.03620680375033247,0.012050000000000005,higher,1.0,0,0
2018-09-26,higher,1.0,2.0,2.0,1.75,1.75,0.18041128895198888,0.2683078403463952,0.26620653678697437,-0.0017079419299719234,-0.7050462228420828,-0.5120339235301001,-0.71570641348164,-0.5234120552074906,0.3042872115129981,0.39430569243448765,0.3580988886841552,0.315960892548183,-0.5856,-0.5482,-0.56025,-0.5102,2.0,-0.08789655139440633,-0.19301229931198272,-0.09001848092148956,-0.03739999999999999,same,0.0,1,1
2018-11-08,same,0.0,2.25,2.0,2.0,1.75,0.009960159362544907,0.18041128895198888,0.2683078403463952,0.26620653678697437,-0.8017310121056065,-0.7050462228420828,-0.5120339235301001,-0.71570641348164,0.178061926841176,0.3042872115129981,0.39430569243448765,0.3580988886841552,-0.59725,-0.5856,-0.5482,-0.56025,2.25,-0.17045112958944397,-0.09668478926352364,-0.1262252846718221,-0.011649999999999938,higher,1.0,0,0
2018-12-19,higher,1.0,2.25,2.25,2.0,2.0,-0.05810777253538557,0.009960159362544907,0.18041128895198888,0.2683078403463952,-0.695449890787553,-0.8017310121056065,-0.7050462228420828,-0.5120339235301001,0.08334188606128701,0.178061926841176,0.3042872115129981,0.39430569243448765,-0.49960000000000004,-0.59725,-0.5856,-0.5482,2.25,-0.06806793189793048,0.10628112131805345,-0.09472004077988899,0.0976499999999999,same,0.0,1,1
2019-01-30,same,0.0,2.5,2.25,2.25,2.0,-0.13530911218892872,-0.05810777253538557,0.009960159362544907,0.18041128895198888,-0.5924839802059769,-0.695449890787553,-0.8017310121056065,-0.7050462228420828,0.1148471299532201,0.08334188606128701,0.178061926841176,0.3042872115129981,-0.4295,-0.49960000000000004,-0.59725,-0.5856,2.5,-0.07720133965354314,0.10296591058157611,0.0315052438919331,0.07010000000000005,higher,1.0,0,0
2019-03-19,same,0.0,2.5,2.5,2.25,2.25,-0.5681676696410047,-0.13530911218892872,-0.05810777253538557,0.009960159362544907,-0.4895180696243999,-0.5924839802059769,-0.695449890787553,-0.8017310121056065,0.1463523738451532,0.1148471299532201,0.08334188606128701,0.178061926841176,-0.47125,-0.4295,-0.49960000000000004,-0.59725,2.5,-0.432858557452076,0.102965910581577,0.0315052438919331,-0.04175000000000001,same,0.0,1,1
2019-05-01,same,0.0,2.5,2.5,2.5,2.25,-0.4781923486072186,-0.5681676696410047,-0.13530911218892872,-0.05810777253538557,-0.6842601568497271,-0.4895180696243999,-0.5924839802059769,-0.695449890787553,0.34967322120262345,0.1463523738451532,0.1148471299532201,0.08334188606128701,-0.5988,-0.47125,-0.4295,-0.49960000000000004,2.5,0.08997532103378614,-0.19474208722532715,0.20332084735747025,-0.12755,same,0.0,2,2
2019-06-19,same,0.0,2.5,2.5,2.5,2.5,-0.5344463954640482,-0.4781923486072186,-0.5681676696410047,-0.13530911218892872,-0.8793227822190102,-0.6842601568497271,-0.4895180696243999,-0.5924839802059769,0.6657007139240364,0.34967322120262345,0.1463523738451532,0.1148471299532201,-0.5958,-0.5988,-0.47125,-0.4295,2.5,-0.056254046856829554,-0.1950626253692831,0.31602749272141295,0.0030000000000000027,same,0.0,3,3
2019-07-31,lower,-1.0,2.5,2.5,2.5,2.5,-0.5739348616569755,-0.5344463954640482,-0.4781923486072186,-0.5681676696410047,-0.8770143639756305,-0.8793227822190102,-0.6842601568497271,-0.4895180696243999,0.8800677829667143,0.6657007139240364,0.34967322120262345,0.1463523738451532,-0.574,-0.5958,-0.5988,-0.47125,2.5,-0.03948846619292734,0.002308418243379684,0.21436706904267788,0.02180000000000004,same,0.0,4,4
2019-09-18,lower,-1.0,2.25,2.5,2.5,2.5,-0.5460704739712368,-0.5739348616569755,-0.5344463954640482,-0.4781923486072186,-0.7747059457322498,-0.8770143639756305,-0.8793227822190102,-0.6842601568497271,1.0944348520093923,0.8800677829667143,0.6657007139240364,0.34967322120262345,-0.5794999999999999,-0.574,-0.5958,-0.5988,2.25,0.027864387685738734,0.10230841824338066,0.214367069042678,-0.005499999999999949,lower,-1.0,0,0
2019-10-04,same,0.0,2.0,2.25,2.5,2.5,-0.7160460075377388,-0.5460704739712368,-0.5739348616569755,-0.5344463954640482,-0.9706899286966229,-0.7747059457322498,-0.8770143639756305,-0.8793227822190102,1.2097021561378551,1.0944348520093923,0.8800677829667143,0.6657007139240364,-0.51425,-0.5794999999999999,-0.574,-0.5958,2.0,-0.16997553356650208,-0.19598398296437303,0.11526730412846287,0.06524999999999992,lower,-1.0,0,0
2019-10-30,lower,-1.0,2.0,2.0,2.25,2.5,-0.7114381792485007,-0.7160460075377388,-0.5460704739712368,-0.5739348616569755,-0.8686819201788096,-0.9706899286966229,-0.7747059457322498,-0.8770143639756305,1.2673358082020867,1.2097021561378551,1.0944348520093923,0.8800677829667143,-0.531,-0.51425,-0.5794999999999999,-0.574,2.0,0.004607828289238114,0.10200800851781322,0.057633652064231544,-0.016750000000000043,same,0.0,1,1
2019-12-11,same,0.0,1.75,2.0,2.0,2.25,-0.7114381792485007,-0.7114381792485007,-0.7160460075377388,-0.5460704739712368,-0.8686819201788096,-0.8686819201788096,-0.9706899286966229,-0.7747059457322498,1.2673358082020867,1.2673358082020867,1.2097021561378551,1.0944348520093923,-0.531,-0.531,-0.51425,-0.5794999999999999,1.75,0.0,0.0,0.0,0.0,lower,-1.0,0,0
2020-01-29,same,0.0,1.75,1.75,2.0,2.0,-0.43623723235410683,-0.7114381792485007,-0.7114381792485007,-0.7160460075377388,-0.8652198634685573,-0.8686819201788096,-0.8686819201788096,-0.9706899286966229,0.04894294399461452,1.2673358082020867,1.2673358082020867,1.2097021561378551,-0.55425,-0.531,-0.531,-0.51425,1.75,0.2752009468943939,0.003462056710252348,-1.2183928642074722,-0.023249999999999993,same,0.0,1,1
2020-03-03,lower,-1.0,1.75,1.75,1.75,2.0,-0.20551788636895374,-0.43623723235410683,-0.7114381792485007,-0.7114381792485007,-0.8634888351134307,-0.8652198634685573,-0.8686819201788096,-0.8686819201788096,-0.5602534881091217,0.04894294399461452,1.2673358082020867,1.2673358082020867,-0.601,-0.55425,-0.531,-0.531,1.75,0.2307193459851531,0.0017310283551266181,-0.6091964321037362,-0.04674999999999996,same,0.0,2,2
2020-03-15,lower,-1.0,1.25,1.75,1.75,1.75,-0.8337909555734528,-0.20551788636895374,-0.43623723235410683,-0.7114381792485007,-0.06052819014515709,-0.8634888351134307,-0.8652198634685573,-0.8686819201788096,-6.073771131653084,-0.5602534881091217,0.04894294399461452,1.2673358082020867,0.08549999999999999,-0.601,-0.55425,-0.531,1.25,-0.6282730692044991,0.8029606449682736,-5.513517643543962,0.6865,lower,-1.0,0,0
2020-03-23,same,0.0,0.25,1.25,1.75,1.75,-0.8337909555734528,-0.8337909555734528,-0.20551788636895374,-0.43623723235410683,-0.06052819014515709,-0.06052819014515709,-0.8634888351134307,-0.8652198634685573,-6.073771131653084,-6.073771131653084,-0.5602534881091217,0.04894294399461452,0.08549999999999999,0.08549999999999999,-0.601,-0.55425,0.25,0.0,0.0,0.0,0.0,lower,-1.0,0,0
2020-04-29,same,0.0,0.25,0.25,1.25,1.75,-0.8337909555734528,-0.8337909555734528,-0.8337909555734528,-0.20551788636895374,-0.06052819014515709,-0.06052819014515709,-0.06052819014515709,-0.8634888351134307,-6.073771131653084,-6.073771131653084,-6.073771131653084,-0.5602534881091217,0.08549999999999999,0.08549999999999999,0.08549999999999999,-0.601,0.25,0.0,0.0,0.0,0.0,same,0.0,1,1
2020-06-10,same,0.0,0.25,0.25,0.25,1.25,-1.5375386996903977,-0.8337909555734528,-0.8337909555734528,-0.8337909555734528,10.34095213233898,-0.06052819014515709,-0.06052819014515709,-0.06052819014515709,-8.830529953425065,-6.073771131653084,-6.073771131653084,-6.073771131653084,0.24975,0.08549999999999999,0.08549999999999999,0.08549999999999999,0.25,-0.7037477441169449,10.401480322484137,-2.7567588217719816,0.16425,same,0.0,2,2
2020-07-29,same,0.0,0.25,0.25,0.25,0.25,-1.2404622936879033,-1.5375386996903977,-0.8337909555734528,-0.8337909555734528,6.543468618463826,10.34095213233898,-0.06052819014515709,-0.06052819014515709,-4.40766531115078,-8.830529953425065,-6.073771131653084,-6.073771131653084,-0.354,0.24975,0.08549999999999999,0.08549999999999999,0.25,0.2970764060024944,-3.7974835138751546,4.422864642274285,-0.60375,same,0.0,3,3
2020-09-16,same,0.0,0.25,0.25,0.25,0.25,-1.0774159927428455,-1.2404622936879033,-1.5375386996903977,-0.8337909555734528,5.744726861526249,6.543468618463826,10.34095213233898,-0.06052819014515709,-2.196232990013638,-4.40766531115078,-8.830529953425065,-6.073771131653084,-0.44020000000000004,-0.354,0.24975,0.08549999999999999,0.25,0.1630463009450578,-0.7987417569375772,2.2114323211371425,-0.08620000000000005,same,0.0,4,4
2020-11-05,same,0.0,0.25,0.25,0.25,0.25,-0.7236462842104201,-1.0774159927428455,-1.2404622936879033,-1.5375386996903977,3.3468601077172826,5.744726861526249,6.543468618463826,10.34095213233898,-1.7571789100526818,-2.196232990013638,-4.40766531115078,-8.830529953425065,-0.5,-0.44020000000000004,-0.354,0.24975,0.25,0.3537697085324254,-2.397866753808966,0.43905407996095613,-0.059799999999999964,same,0.0,5,5
2020-12-16,same,0.0,0.25,0.25,0.25,0.25,-0.813735291855731,-0.7236462842104201,-1.0774159927428455,-1.2404622936879033,2.247666823918574,3.3468601077172826,5.744726861526249,6.543468618463826,-1.236773641232185,-1.7571789100526818,-2.196232990013638,-4.40766531115078,-0.5445,-0.5,-0.44020000000000004,-0.354,0.25,-0.09008900764531091,-1.0991932837987086,0.5204052688204968,-0.044499999999999984,same,0.0,6,6
2021-01-27,same,0.0,0.25,0.25,0.25,0.25,-0.6654778682159339,-0.813735291855731,-0.7236462842104201,-1.0774159927428455,2.247406917024347,2.247666823918574,3.3468601077172826,5.744726861526249,-0.9358954123921662,-1.236773641232185,-1.7571789100526818,-2.196232990013638,-0.593,-0.5445,-0.5,-0.44020000000000004,0.25,0.1482574236397971,-0.0002599068942270577,0.3008782288400188,-0.04849999999999999,same,0.0,7,7
2021-03-17,same,0.0,0.25,0.25,0.25,0.25,-0.41420231601110125,-0.6654778682159339,-0.813735291855731,-0.7236462842104201,1.947147010130121,2.247406917024347,2.247666823918574,3.3468601077172826,-0.6350171835521475,-0.9358954123921662,-1.236773641232185,-1.7571789100526818,-0.6155999999999999,-0.593,-0.5445,-0.5,0.25,0.25127555220483266,-0.300259906894226,0.3008782288400187,-0.022599999999999953,same,0.0,8,8
2021-04-28,same,0.0,0.25,0.25,0.25,0.25,0.669006722866385,-0.41420231601110125,-0.6654778682159339,-0.813735291855731,1.649189159179187,1.947147010130121,2.247406917024347,2.247666823918574,0.15926933359105233,-0.6350171835521475,-0.9358954123921662,-1.236773641232185,-0.63925,-0.6155999999999999,-0.593,-0.5445,0.25,1.0832090388774862,-0.29795785095093397,0.7942865171431999,-0.02365000000000006,same,0.0,9,9
2021-06-16,same,0.0,0.25,0.25,0.25,0.25,1.6402858298503427,0.669006722866385,-0.41420231601110125,-0.6654778682159339,1.6502102337037199,1.649189159179187,1.947147010130121,2.247406917024347,0.5564125921626523,0.15926933359105233,-0.6350171835521475,-0.9358954123921662,-0.669,-0.63925,-0.6155999999999999,-0.593,0.25,0.9712791069839577,0.0010210745245329278,0.39714325857159993,-0.029750000000000054,same,0.0,10,10
2021-07-28,same,0.0,0.25,0.25,0.25,0.25,2.306128320705871,1.6402858298503427,0.669006722866385,-0.41420231601110125,1.452063133196341,1.6502102337037199,1.649189159179187,1.947147010130121,0.753137674495953,0.5564125921626523,0.15926933359105233,-0.6350171835521475,-0.69075,-0.669,-0.63925,-0.6155999999999999,0.25,0.6658424908555283,-0.19814710050737894,0.19672508233330077,-0.021749999999999936,same,0.0,11,11
2021-09-22,same,0.0,0.25,0.25,0.25,0.25,2.473216164011551,2.306128320705871,1.6402858298503427,0.669006722866385,0.9529895829426511,1.452063133196341,1.6502102337037199,1.649189159179187,0.8515002156626034,0.753137674495953,0.5564125921626523,0.15926933359105233,-0.6676,-0.69075,-0.669,-0.63925,0.25,0.16708784330567994,-0.4990735502536898,0.09836254116665033,0.023150000000000004,same,0.0,12,12
2021-11-03,same,0.0,0.25,0.25,0.25,0.25,2.737428253233955,2.473216164011551,2.306128320705871,1.6402858298503427,0.25471806678157716,0.9529895829426511,1.452063133196341,1.6502102337037199,1.6284113366756876,0.8515002156626034,0.753137674495953,0.5564125921626523,-0.65075,-0.6676,-0.69075,-0.669,0.25,0.26421208922240424,-0.698271516161074,0.7769111210130842,0.01684999999999992,same,0.0,13,13
2021-12-15,same,0.0,0.25,0.25,0.25,0.25,3.9301905793383902,2.737428253233955,2.473216164011551,2.306128320705871,-0.34358405394055413,0.25471806678157716,0.9529895829426511,1.452063133196341,1.735108970273241,1.6284113366756876,0.8515002156626034,0.753137674495953,-0.57675,-0.65075,-0.6676,-0.69075,0.25,1.1927623261044351,-0.5983021207221313,0.10669763359755335,0.07400000000000007,same,0.0,14,14
2022-01-26,same,0.0,0.25,0.25,0.25,0.25,4.141969176624196,3.9301905793383902,2.737428253233955,2.473216164011551,-0.5427504165821468,-0.34358405394055413,0.25471806678157716,0.9529895829426511,1.4533510433642522,1.735108970273241,1.6284113366756876,0.8515002156626034,-0.5446000000000001,-0.57675,-0.65075,-0.6676,0.25,0.2117785972858055,-0.1991663626415927,-0.2817579269089887,0.0321499999999999,same,0.0,15,15
2022-03-16,higher,1.0,0.25,0.25,0.25,0.25,4.272433512016362,4.141969176624196,3.9301905793383902,2.737428253233955,-0.4419167792237406,-0.5427504165821468,-0.34358405394055413,0.25471806678157716,1.1715931164552635,1.4533510433642522,1.735108970273241,1.6284113366756876,-0.5555000000000001,-0.5446000000000001,-0.57675,-0.65075,0.25,0.1304643353921664,0.10083363735840623,-0.2817579269089887,-0.01090000000000002,same,0.0,16,16
2022-05-04,higher,1.0,0.5,0.25,0.25,0.25,4.926410970164576,4.272433512016362,4.141969176624196,3.9301905793383902,-0.7409500793210997,-0.4419167792237406,-0.5427504165821468,-0.34358405394055413,0.8737255148882133,1.1715931164552635,1.4533510433642522,1.735108970273241,-0.38875,-0.5555000000000001,-0.5446000000000001,-0.57675,0.5,0.6539774581482138,-0.29903330009735907,-0.2978676015670503,0.16675000000000012,higher,1.0,0,0
2022-06-15,higher,1.0,1.0,0.5,0.25,0.25,4.794545874740021,4.926410970164576,4.272433512016362,4.141969176624196,-0.8399550692610558,-0.7409500793210997,-0.4419167792237406,-0.5427504165821468,0.7580008574758514,0.8737255148882133,1.1715931164552635,1.4533510433642522,-0.28975,-0.38875,-0.5555000000000001,-0.5446000000000001,1.0,-0.13186509542455482,-0.0990049899399561,-0.11572465741236182,0.09899999999999998,higher,1.0,0,0
2022-07-27,higher,1.0,1.75,1.0,0.5,0.25,5.243471864656126,4.794545874740021,4.926410970164576,4.272433512016362,-0.8394434091523331,-0.8399550692610558,-0.7409500793210997,-0.4419167792237406,0.7912100008470145,0.7580008574758514,0.8737255148882133,1.1715931164552635,-0.20199999999999999,-0.28975,-0.38875,-0.5555000000000001,1.75,0.44892598991610466,0.0005116601087227224,0.0332091433711631,0.08775000000000002,higher,1.0,0,0
2022-09-21,higher,1.0,2.5,1.75,1.0,0.5,4.7502013619389345,5.243471864656126,4.794545874740021,4.926410970164576,-0.9389317490436095,-0.8394434091523331,-0.8399550692610558,-0.7409500793210997,0.8244191442181777,0.7912100008470145,0.7580008574758514,0.8737255148882133,-0.1882,-0.20199999999999999,-0.28975,-0.38875,2.5,-0.4932705027171913,-0.09948833989127648,0.03320914337116321,0.013799999999999979,higher,1.0,0,0
2022-11-02,higher,1.0,3.25,2.5,1.75,1.0,4.667939000672507,4.7502013619389345,5.243471864656126,4.794545874740021,-0.9377988277338165,-0.9389317490436095,-0.8394434091523331,-0.8399550692610558,0.8590465500087732,0.8244191442181777,0.7912100008470145,0.7580008574758514,-0.1544,-0.1882,-0.20199999999999999,-0.28975,3.25,-0.0822623612664275,0.0011329213097930335,0.03462740579059542,0.0338,higher,1.0,0,0
2022-12-14,higher,1.0,4.0,3.25,2.5,1.75,4.030493273542614,4.667939000672507,4.7502013619389345,5.243471864656126,-0.8365870584700201,-0.9377988277338165,-0.9389317490436095,-0.8394434091523331,0.8993244400514717,0.8590465500087732,0.8244191442181777,0.7912100008470145,-0.16625,-0.1544,-0.1882,-0.20199999999999999,4.0,-0.6374457271298928,0.10121176926379638,0.04027789004269855,-0.01185,higher,1.0,0,0
2023-02-01,higher,1.0,4.5,4.0,3.25,2.5,3.520050627946982,4.030493273542614,4.667939000672507,4.7502013619389345,-0.9359417498611196,-0.8365870584700201,-0.9377988277338165,-0.9389317490436095,0.9222886271988724,0.8993244400514717,0.8590465500087732,0.8244191442181777,-0.20140000000000002,-0.16625,-0.1544,-0.1882,4.5,-0.5104426455956323,-0.09935469139109943,0.022964187147400672,-0.035150000000000015,higher,1.0,0,0
2023-03-22,higher,1.0,4.75,4.5,4.0,3.25,3.197803844154003,3.520050627946982,4.030493273542614,4.667939000672507,-0.8347009595483894,-0.9359417498611196,-0.8365870584700201,-0.9377988277338165,0.9320010654081884,0.9222886271988724,0.8993244400514717,0.8590465500087732,-0.2995,-0.20140000000000002,-0.16625,-0.1544,4.75,-0.3222467837929788,0.10124079031273014,0.009712438209315999,-0.09809999999999997,higher,1.0,0,0
2023-05-03,higher,1.0,5.0,4.75,4.5,4.0,2.428273156924578,3.197803844154003,3.520050627946982,4.030493273542614,-0.9341054778445601,-0.8347009595483894,-0.9359417498611196,-0.8365870584700201,0.9187493164701036,0.9320010654081884,0.9222886271988724,0.8993244400514717,-0.1886,-0.2995,-0.20140000000000002,-0.16625,5.0,-0.769530687229425,-0.0994045182961707,-0.013251748938084784,0.1109,higher,1.0,0,0
2023-06-14,same,0.0,5.25,5.0,4.75,4.5,2.003462454014284,2.428273156924578,3.197803844154003,3.520050627946982,-0.832795957720363,-0.9341054778445601,-0.8347009595483894,-0.9359417498611196,1.0674198362841993,0.9187493164701036,0.9320010654081884,0.9222886271988724,-0.2095,-0.1886,-0.2995,-0.20140000000000002,5.25,-0.4248107029102943,0.10130952012419714,0.14867051981409574,-0.020900000000000002,higher,1.0,0,0
2023-07-26,higher,1.0,5.25,5.25,5.0,4.75,1.2845213395291228,2.003462454014284,2.428273156924578,3.197803844154003,-0.8320819192999962,-0.832795957720363,-0.9341054778445601,-0.8347009595483894,1.22934210503638,1.0674198362841993,0.9187493164701036,0.9320010654081884,-0.221,-0.2095,-0.1886,-0.2995,5.25,-0.718941114485161,0.0007140384203667693,0.16192226875218063,-0.01150000000000001,same,0.0,1,1
2023-09-20,same,0.0,5.5,5.25,5.25,5.0,1.40904219289897,1.2845213395291228,2.003462454014284,2.428273156924578,-0.9313678808796295,-0.8320819192999962,-0.832795957720363,-0.9341054778445601,1.3912643737885606,1.22934210503638,1.0674198362841993,0.9187493164701036,-0.25925,-0.221,-0.2095,-0.1886,5.5,0.1245208533698472,-0.09928596157963332,0.16192226875218063,-0.03824999999999998,higher,1.0,0,0
2023-11-01,same,0.0,5.5,5.5,5.25,5.25,1.4488928270185903,1.40904219289897,1.2845213395291228,2.003462454014284,-0.7296721203504033,-0.9313678808796295,-0.8320819192999962,-0.832795957720363,1.5091762729129623,1.3912643737885606,1.22934210503638,1.0674198362841993,-0.333,-0.25925,-0.221,-0.2095,5.5,0.03985063411962031,0.20169576052922622,0.1179118991244017,-0.07375000000000004,same,0.0,1,1
2023-12-13,same,0.0,5.5,5.5,5.5,5.25,0.7650899986466193,1.4488928270185903,1.40904219289897,1.2845213395291228,-0.727776045785756,-0.7296721203504033,-0.9313678808796295,-0.8320819192999962,1.415089001638274,1.5091762729129623,1.3912643737885606,1.22934210503638,-0.3075,-0.333,-0.25925,-0.221,5.5,-0.683802828371971,0.0018960745646472432,-0.0940872712746883,0.025500000000000023,same,0.0,2,2
2024-01-31,same,0.0,5.5,5.5,5.5,5.5,0.7672658467360334,0.7650899986466193,1.4488928270185903,1.40904219289897,-0.6267278514857235,-0.727776045785756,-0.7296721203504033,-0.9313678808796295,1.2620457808013852,1.415089001638274,1.5091762729129623,1.3912643737885606,-0.3512,-0.3075,-0.333,-0.25925,5.5,0.0021758480894140675,0.10104819430003253,-0.15304322083688882,-0.04370000000000002,same,0.0,3,3
2024-03-20,same,0.0,5.5,5.5,5.5,5.5,0.6987514493606035,0.7672658467360334,0.7650899986466193,1.4488928270185903,-0.7256796571856894,-0.6267278514857235,-0.727776045785756,-0.7296721203504033,1.1090025599644961,1.2620457808013852,1.415089001638274,1.5091762729129623,-0.3885,-0.3512,-0.3075,-0.333,5.5,-0.06851439737542986,-0.09895180569996587,-0.15304322083688904,-0.0373,same,0.0,4,4
2024-05-01,same,0.0,5.5,5.5,5.5,5.5,0.9279392327126175,0.6987514493606035,0.7672658467360334,0.7650899986466193,-0.523331269238843,-0.7256796571856894,-0.6267278514857235,-0.727776045785756,1.2617114503327915,1.1090025599644961,1.2620457808013852,1.415089001638274,-0.4372,-0.3885,-0.3512,-0.3075,5.5,0.22918778335201395,0.2023483879468464,0.15270889036829538,-0.048699999999999966,same,0.0,5,5
2024-06-12,same,0.0,5.5,5.5,5.5,5.5,0.6616729088639213,0.9279392327126175,0.6987514493606035,0.7672658467360334,-0.5208330355856927,-0.523331269238843,-0.7256796571856894,-0.6267278514857235,1.398919694339921,1.2617114503327915,1.1090025599644961,1.2620457808013852,-0.4184,-0.4372,-0.3885,-0.3512,5.5,-0.2662663238486962,0.0024982336531502725,0.1372082440071294,0.018799999999999983,same,0.0,6,6
2024-07-31,same,0.0,5.5,5.5,5.5,5.5,0.5483734404701641,0.6616729088639213,0.9279392327126175,0.6987514493606035,-0.3195089959059647,-0.5208330355856927,-0.523331269238843,-0.7256796571856894,1.4597734931629027,1.398919694339921,1.2617114503327915,1.1090025599644961,-0.39825,-0.4184,-0.4372,-0.3885,5.5,-0.11329946839375715,0.201324039679728,0.06085379882298181,0.02015,same,0.0,7,7
2024-09-18,lower,-1.0,5.5,5.5,5.5,5.5,0.5943767774673221,0.5483734404701641,0.6616729088639213,0.9279392327126175,-0.2181849562262368,-0.3195089959059647,-0.5208330355856927,-0.523331269238843,1.5206272919858845,1.4597734931629027,1.398919694339921,1.2617114503327915,-0.37475,-0.39825,-0.4184,-0.4372,5.5,0.04600333699715797,0.10132403967972792,0.06085379882298181,0.023499999999999965,same,0.0,8,8
2024-11-07,lower,-1.0,5.0,5.5,5.5,5.5,0.26076643688384316,0.5943767774673221,0.5483734404701641,0.6616729088639213,-0.31521982947621385,-0.2181849562262368,-0.3195089959059647,-0.5208330355856927,1.4092663825856955,1.5206272919858845,1.4597734931629027,1.398919694339921,-0.422,-0.37475,-0.39825,-0.4184,5.0,-0.33361034058347894,-0.09703487324997706,-0.11136090940018906,-0.04724999999999996,lower,-1.0,0,0
2024-12-18,lower,-1.0,4.75,5.0,5.5,5.5,0.5878034125423,0.26076643688384316,0.5943767774673221,0.5483734404701641,-0.21217440436231438,-0.31521982947621385,-0.2181849562262368,-0.3195089959059647,1.0925187975709842,1.4092663825856955,1.5206272919858845,1.4597734931629027,-0.4692,-0.422,-0.37475,-0.39825,4.75,0.3270369756584568,0.10304542511389947,-0.31674758501471123,-0.04720000000000002,lower,-1.0,0,0
2025-01-29,same,0.0,4.5,4.75,5.0,5.5,0.7280946901200087,0.5878034125423,0.26076643688384316,0.5943767774673221,-0.3106115426234277,-0.21217440436231438,-0.31521982947621385,-0.2181849562262368,0.8314516672563673,1.0925187975709842,1.4092663825856955,1.5206272919858845,-0.48424999999999996,-0.4692,-0.422,-0.37475,4.5,0.14029127757770876,-0.09843713826111333,-0.2610671303146169,-0.015049999999999952,lower,-1.0,0,0
2025-03-19,same,0.0,4.5,4.5,4.75,5.0,0.6073795303935166,0.7280946901200087,0.5878034125423,0.26076643688384316,-0.40904868088454016,-0.3106115426234277,-0.21217440436231438,-0.31521982947621385,0.5703845369417505,0.8314516672563673,1.0925187975709842,1.4092663825856955,-0.5034,-0.48424999999999996,-0.4692,-0.422,4.5,-0.12071515972649216,-0.09843713826111244,-0.2610671303146168,-0.01915,same,0.0,1,1
2025-05-07,same,0.0,4.5,4.5,4.5,4.75,0.3594336708984365,0.6073795303935166,0.7280946901200087,0.5878034125423,-0.20762037378055975,-0.40904868088454016,-0.3106115426234277,-0.21217440436231438,0.8199154162493546,0.5703845369417505,0.8314516672563673,1.0925187975709842,-0.4405,-0.5034,-0.48424999999999996,-0.4692,4.5,-0.24794585949508008,0.2014283071039804,0.2495308793076041,0.06289999999999996,same,0.0,2,2
2025-06-18,same,0.0,4.5,4.5,4.5,4.5,0.4580860654408676,0.3594336708984365,0.6073795303935166,0.7280946901200087,-0.1060040495753265,-0.20762037378055975,-0.40904868088454016,-0.3106115426234277,1.1177929961598632,0.8199154162493546,0.5703845369417505,0.8314516672563673,-0.44139999999999996,-0.4405,-0.5034,-0.48424999999999996,4.5,0.09865239454243113,0.10161632420523325,0.29787757991050856,-0.0008999999999999564,same,0.0,3,3
2025-07-30,same,0.0,4.5,4.5,4.5,4.5,0.5935129797068024,0.4580860654408676,0.3594336708984365,0.6073795303935166,-0.30510187892208407,-0.1060040495753265,-0.20762037378055975,-0.40904868088454016,1.2909051364165696,1.1177929961598632,0.8199154162493546,0.5703845369417505,-0.48975,-0.44139999999999996,-0.4405,-0.5034,4.5,0.13542691426593478,-0.19909782934675757,0.1731121402567064,-0.04835000000000006,same,0.0,4,4
2025-09-17,lower,-1.0,4.5,4.5,4.5,4.5,0.605547294239341,0.5935129797068024,0.4580860654408676,0.3594336708984365,-0.1041997082688404,-0.30510187892208407,-0.1060040495753265,-0.20762037378055975,1.4640172766732762,1.2909051364165696,1.1177929961598632,0.8199154162493546,-0.515,-0.48975,-0.44139999999999996,-0.4405,4.5,0.01203431453253856,0.20090217065324367,0.17311214025670663,-0.025249999999999995,same,0.0,5,5
2025-10-29,lower,-1.0,4.25,4.5,4.5,4.5,0.7874424148706556,0.605547294239341,0.5935129797068024,0.4580860654408676,-0.0026273778503265177,-0.1041997082688404,-0.30510187892208407,-0.1060040495753265,1.172627163373268,1.4640172766732762,1.2909051364165696,1.1177929961598632,-0.53025,-0.515,-0.48975,-0.44139999999999996,4.25,0.18189512063131463,0.10157233041851388,-0.2913901133000081,-0.015249999999999986,lower,-1.0,0,0
2025-12-10,lower,-1.0,4.0,4.25,4.5,4.5,0.7125805259691216,0.7874424148706556,0.605547294239341,0.5935129797068024,-0.0026273778503265177,-0.0026273778503265177,-0.1041997082688404,-0.30510187892208407,1.026932106723264,1.172627163373268,1.4640172766732762,1.2909051364165696,-0.5218,-0.53025,-0.515,-0.48975,4.0,-0.074861888901534,0.0,-0.14569505665000415,0.008449999999999958,lower,-1.0,0,0
2026-01-28,same,0.0,3.75,4.0,4.25,4.5,0.8780835180310271,0.7125805259691216,0.7874424148706556,0.605547294239341,-7.4470161486317465e-06,-0.0026273778503265177,-0.0026273778503265177,-0.1041997082688404,1.026932106723264,1.026932106723264,1.172627163373268,1.4640172766732762,-0.52375,-0.5218,-0.53025,-0.515,3.75,0.16550299206190555,0.002619930834177886,0.0,-0.0019500000000000073,lower,-1.0,0,0
2026-03-18,same,0.0,3.75,3.75,4.0,4.25,0.8289625808303409,0.8780835180310271,0.7125805259691216,0.7874424148706556,-0.09909056420368856,-7.4470161486317465e-06,-0.0026273778503265177,-0.0026273778503265177,1.026932106723264,1.026932106723264,1.026932106723264,1.172627163373268,-0.5592,-0.52375,-0.5218,-0.53025,3.75,-0.04912093720068622,-0.09908311718753993,0.0,-0.03544999999999998,same,0.0,1,1
